{
	//SSZ Eggrobo Body
	"eggrobo_body_00": { "File": "EggRobo1.png", "Rect": "0,0,40,48", "Center": "20,24" },
	"eggrobo_body_01": { "File": "EggRobo3.png", "Rect": "0,0,48,56", "Center": "20,24" },
	"eggrobo_body_02": { "File": "EggRobo1.png", "Rect": "0,0,48,48", "Center": "20,24" },
	"eggrobo_body_03": { "File": "EggRobo1.png", "Rect": "0,0,40,48", "Center": "20,24" },
	"eggrobo_body_04": { "File": "EggRobo3.png", "Rect": "0,0,48,56", "Center": "20,24" },
	"eggrobo_body_05": { "File": "EggRobo1.png", "Rect": "0,0,48,48", "Center": "20,24" },

	"eggrobo_bodyb_00": { "File": "EggRobo1.png", "Rect": "0,0,40,48", "Center": "20,24" },
	"eggrobo_bodyb_01": { "File": "EggRobo3.png", "Rect": "0,0,48,56", "Center": "20,24" },
	"eggrobo_bodyb_02": { "File": "EggRobo1.png", "Rect": "0,0,40,48", "Center": "20,24" },
	"eggrobo_bodyb_03": { "File": "EggRobo1.png", "Rect": "0,0,40,48", "Center": "20,24" },
	"eggrobo_bodyb_04": { "File": "EggRobo3.png", "Rect": "0,0,48,56", "Center": "20,24" },
	"eggrobo_bodyb_05": { "File": "EggRobo1.png", "Rect": "0,0,40,48", "Center": "20,24" },

	//SSZ Eggrobo Legs
	"eggrobo_legs_03": { "File": "EggRobo4.png", "Rect": "0,0,24,24", "Center": "12,12" },
	"eggrobo_legs_04": { "File": "EggRobo5.png", "Rect": "0,0,24,24", "Center": "12,12" },
	"eggrobo_legs_05": { "File": "EggRobo6.png", "Rect": "0,0,24,26", "Center": "12,14" },
	"eggrobo_legs_06": { "File": "EggRobo4.png", "Rect": "0,0,24,24", "Center": "12,12" },
	"eggrobo_legs_07": { "File": "EggRobo5.png", "Rect": "0,0,24,24", "Center": "12,12" },
	"eggrobo_legs_08": { "File": "EggRobo6.png", "Rect": "0,0,24,26", "Center": "12,14" },


	//SSZ Eggrobo Hand
	"eggrobo_hand_02": { "File": "EggRobo2.png", "Rect": "0,0,32,24", "Center": "16,12" },

	"eggrobo_handb_02": { "File": "EggRobo2.png", "Rect": "0,0,32,24", "Center": "16,12" },

	//SSZ Eggrobo Laser
	"eggrobo_laser_00": { "File": "EggRobo7.png", "Rect": "0,0,64,8", "Center": "32,4" },
}